<?xml version="1.0" encoding="utf-8"?>
<modification>
  <name>Smartsupp Live Chat</name>
  <code>smartsupp</code>
  <version>0.9</version>
  <author>Smartsupp</author>
  <link>http://www.smartsupp.com</link>

  <file path="admin/controller/setting/setting.php">
    <operation>
      <search><![CDATA[if (isset($this->request->post['config_comment'])) {]]></search>
      <add position="before"><![CDATA[
        if (isset($this->request->post['config_smartsupp_key'])) {
          $data['config_smartsupp_key'] = $this->request->post['config_smartsupp_key'];
        } else {
          $data['config_smartsupp_key'] = $this->config->get('config_smartsupp_key');
        }
        if (isset($this->request->post['config_smartsupp_enabled'])) {
          $data['config_smartsupp_enabled'] = $this->request->post['config_smartsupp_enabled'];
        } else {
          $data['config_smartsupp_enabled'] = $this->config->get('config_smartsupp_enabled');
        }
      ]]></add>
    </operation>
  </file>

  <file path="admin/view/template/setting/setting.tpl">
    <operation>
      <search><![CDATA[<li><a href="#tab-store" data-toggle="tab"><?php echo $tab_store; ?></a></li>]]></search>
      <add position="after"><![CDATA[
      <li><a href="#tab-smartsupp" data-toggle="tab"><?php echo 'Smartsupp'; ?></a></li>
      ]]></add>
    </operation>
    <operation>
      <search><![CDATA[<div class="tab-content">]]></search>
      <add position="after"><![CDATA[
        <div class="tab-pane" id="tab-smartsupp">
          <div class="form-group">
            <label class="col-sm-2 control-label" for="config_smartsupp_key"><span data-toggle="tooltip" title=""><?php echo 'Smartsupp Chat ID'; ?></span></label>
            <div class="col-sm-10">
              <input name="config_smartsupp_key" class="form-control" value="<?php echo $config_smartsupp_key; ?>"/>
            </div>
          </div>

          <label class="col-sm-2 control-label" for="config_smartsupp_enabled">Enable Smartsupp chat</label>
            <div class="col-sm-10">
              <?php if ($config_smartsupp_enabled) : ?>
                <input type="checkbox" name="config_smartsupp_enabled" class="form-control" checked />
              <?php else: ?>
                <input type="checkbox" name="config_smartsupp_enabled" class="form-control" />
              <?php endif; ?>
            </div>
        </div>
      ]]></add>
    </operation>
  </file>

  <file path="catalog/view/theme/*/template/common/header.tpl">
    <operation>
      <search><![CDATA[</head>]]></search>
      <add position="before"><![CDATA[        
        <?php global $config; if ($config->get('config_smartsupp_enabled')) { ?>
          <script type="text/javascript">   
            var _smartsupp = _smartsupp || {};
            _smartsupp.key = '<?php echo $config->get('config_smartsupp_key') ?>';
            _smartsupp.cookieDomain = ".<?php $smartsupp_host = parse_url($base); echo $smartsupp_host['host']; ?>";
            window.smartsupp||(function(d) {
              var o=smartsupp=function(){ o._.push(arguments)},s=d.getElementsByTagName('script')[0],c=d.createElement('script');o._=[];
              c.async=true;c.type='text/javascript';c.charset='utf-8';c.src='//www.smartsuppchat.com/loader.js';s.parentNode.insertBefore(c,s);
            })(document);
          </script>
        <?php } ?>
      ]]></add>
    </operation>
  </file>

</modification>