<?xml version="1.0" encoding="utf-8"?>
<modification>
	<name>Smartsupp Live Chat</name>
	<code>smartsupp</code>
	<version>1.0</version>
	<author>Kurzor</author>
	<link>http://www.smartsupp.com</link>
	<file path="catalog/view/theme/default/template/common/footer.tpl">
		<operation>
			<search><![CDATA[
			</body>
            ]]></search>
			<add position="before"><![CDATA[
			<?= $smartSupp ?>
            ]]></add>
		</operation>
	</file>
	<file path="catalog/controller/common/footer.php">
		<operation>
			<search><![CDATA[
			return $this->load->view('default/template/common/footer.tpl', $data);
            ]]></search>
			<add position="before"><![CDATA[
			$data['smartSupp'] = $this->load->controller('module/smartsupp');
            ]]></add>
		</operation>
	</file>
	<file path="catalog/controller/common/footer.php">
		<operation>
			<search><![CDATA[
			return $this->load->view($this->config->get('config_template') . '/template/common/footer.tpl', $data);
            ]]></search>
			<add position="before"><![CDATA[
			$data['smartSupp'] = $this->load->controller('module/smartsupp');
            ]]></add>
		</operation>
	</file>
</modification>